{
  "observer_distance_m": 10.0,
  "use_tt_projection": true,
  "include_pair_losses": false,
  "birefringence_feedback": false,
  "source": {
    "type": "interfering_pulses",
    "E0_Vpm": 1000000000000000.0,
    "wavelength_m": 8e-07,
    "frequency_Hz": 375000000000000.0
  },
  "steps": 400,
  "dt_s": 1e-15,
  "rms_strain": 1.7787970103778276e-22,
  "avg_P_GW_W": 1.9100996422947072e+24,
  "metrics": {
    "h_rms": 1.7787970103778276e-22,
    "h_max": 6.207450054040206e-22,
    "P_avg": 1.9100996422947072e+24,
    "E_em_avg": 1250964668785432.0,
    "P_in": 1.2509646687588403e+28,
    "eff_Pgw_over_Pin": 0.00015269013506111532,
    "h_rms_per_J": 1.4219402472052794e-37
  },
  "frequency_spectrum": {
    "peak_freq_Hz": 250000000000000.0,
    "peak_amplitude": 1.0656390720059185e-19,
    "bandwidth_Hz": 5000000000000.0
  }
}