{
  "observer_distance_m": 10.0,
  "use_tt_projection": true,
  "include_pair_losses": false,
  "birefringence_feedback": false,
  "source": {
    "type": "interfering_pulses",
    "E0_Vpm": 1000000000000000.0,
    "wavelength_m": 8e-07,
    "frequency_Hz": 375000000000000.0
  },
  "steps": 400,
  "dt_s": 1e-15,
  "rms_strain": 7.1924662385809e-23,
  "avg_P_GW_W": 1.2440403340060945e+23,
  "metrics": {
    "h_rms": 7.1924662385809e-23,
    "h_max": 2.156392547139859e-22,
    "P_avg": 1.2440403340060945e+23,
    "E_em_avg": 1250964668785432.0,
    "P_in": 1.2509646687588403e+28,
    "eff_Pgw_over_Pin": 9.944648039024029e-06,
    "h_rms_per_J": 5.749535872635078e-38
  },
  "frequency_spectrum": {
    "peak_freq_Hz": 250000000000000.0,
    "peak_amplitude": 2.1456173569829716e-22,
    "bandwidth_Hz": 0.0
  }
}